1001,Lenovo ThinkPad X1 Yoga,Lenovo
1002,HP OmenLenovo ThinkPad X1 Carbon,HP
1003,MacBook Air M2,Apple
1004,Dell XPS 15,DELL
1005,MacBook Pro M3,Apple
1006,Lenovo ThinkPad X1 Yoga,Lenovo
1007,MacBook Pro M3,Apple
1008,HP OmenLenovo ThinkPad X1 Carbon,HP
1009,MacBook Air M2,Apple
1010,MacBook Pro M3,Apple
1011,Dell Latitude 7000 Series,DELL
1012,HP Pavilion,HP
1013,Lenovo Legion Y740,Lenovo
1014,Lenovo ThinkPad X1 Yoga,Lenovo
1015,MacBook Pro M2,Apple
1016,Lenovo IdeaPad Flex 5,Lenovo
1017,Dell XPS 15,DELL
1018,Dell Latitude 7000 Series,DELL
1019,MacBook Air M2,Apple
1020,HP Elite Dragonfly,HP
1021,MacBook Air M2,Apple
1022,Lenovo Legion Y740,Lenovo
1023,Lenovo ThinkPad X1 Yoga,Lenovo
1024,HP Pavilion,HP
1025,Dell Precision 5000 SeriesHP Spectre x360,DELL
1026,Dell XPS 15,DELL
1027,Lenovo ThinkPad X1 Yoga,Lenovo
1028,Lenovo Yoga C940,Lenovo
1029,MacBook Air M2,Apple
1030,HP Envy,HP
1031,Dell Alienware m15,DELL
1032,HP Pavilion,HP
1033,MacBook Pro M2,Apple
1034,MacBook Air M2,Apple
1035,Dell Precision 5000 SeriesHP Spectre x360,DELL
1036,MacBook Air M2,Apple
1037,Lenovo Yoga C940,Lenovo
1038,Dell Inspiron 15 5000 Series,DELL
1039,Dell XPS 15,DELL
1040,HP Elite Dragonfly,HP
1041,HP Envy,HP
1042,Lenovo Yoga C940,Lenovo
1043,Dell Alienware m15,DELL
1044,MacBook Pro M3,Apple
1045,HP Envy,HP
1046,Dell Alienware m15,DELL
1047,Dell Precision 5000 SeriesHP Spectre x360,DELL
1048,HP Pavilion,HP
1049,MacBook Air M1,Apple
1050,Lenovo IdeaPad Flex 5,Lenovo
1051,MacBook Pro M3,Apple
1052,Dell Latitude 7000 Series,DELL
1053,HP Pavilion,HP
1054,Dell Latitude 7000 Series,DELL
1055,HP Envy,HP
1056,HP Pavilion,HP
1057,Dell XPS 15,DELL
1058,HP Envy,HP
1059,MacBook Pro M3,Apple
1060,Lenovo Legion Y740,Lenovo
1061,HP Pavilion,HP
1062,HP Envy,HP
1063,Dell Precision 5000 SeriesHP Spectre x360,DELL
1064,MacBook Air M2,Apple
1065,MacBook Pro M1,Apple
1066,MacBook Pro M1,Apple
1067,MacBook Air M1,Apple
1068,Dell XPS 15,DELL
1069,Dell Precision 5000 SeriesHP Spectre x360,DELL
1070,Lenovo ThinkPad X1 Yoga,Lenovo
1071,HP Envy,HP
1072,Dell Latitude 7000 Series,DELL
1073,HP Envy,HP
1074,Dell Inspiron 15 5000 Series,DELL
1075,Dell Precision 5000 SeriesHP Spectre x360,DELL
1076,HP Envy,HP
1077,Dell Alienware m15,DELL
1078,Dell XPS 15,DELL
1079,HP Envy,HP
1080,MacBook Air M2,Apple
1081,Dell Inspiron 15 5000 Series,DELL
1082,Dell XPS 15,DELL
1083,HP Envy,HP
1084,Lenovo Legion Y740,Lenovo
1085,Dell Latitude 7000 Series,DELL
1086,Lenovo ThinkPad X1 Yoga,Lenovo
1087,Lenovo ThinkPad X1 Yoga,Lenovo
1088,Lenovo ThinkPad X1 Yoga,Lenovo
1089,MacBook Air M1,Apple
1090,Lenovo ThinkPad X1 Yoga,Lenovo
1091,MacBook Pro M2,Apple
1092,Lenovo Yoga C940,Lenovo
1093,MacBook Pro M3,Apple
1094,HP Elite Dragonfly,HP
1095,Lenovo ThinkPad X1 Yoga,Lenovo
1096,Dell Alienware m15,DELL
1097,Dell Alienware m15,DELL
1098,HP Envy,HP
1099,Lenovo IdeaPad Flex 5,Lenovo
1100,MacBook Air M2,Apple
1101,Dell Precision 5000 SeriesHP Spectre x360,DELL
1102,Dell Alienware m15,DELL
1103,Dell Inspiron 15 5000 Series,DELL
1104,Lenovo ThinkPad X1 Yoga,Lenovo
1105,Lenovo Yoga C940,Lenovo
1106,MacBook Air M1,Apple
1107,MacBook Air M2,Apple
1108,MacBook Air M1,Apple
1109,MacBook Pro M3,Apple
1110,MacBook Pro M1,Apple
1111,MacBook Pro M3,Apple
1112,MacBook Pro M3,Apple
1113,HP Pavilion,HP
1114,Lenovo ThinkPad X1 Yoga,Lenovo
1115,HP Envy,HP
1116,MacBook Air M1,Apple
1117,Dell XPS 15,DELL
1118,MacBook Pro M2,Apple
1119,Dell Latitude 7000 Series,DELL
1120,Dell XPS 15,DELL
1121,Dell Latitude 7000 Series,DELL
1122,Lenovo ThinkPad X1 Yoga,Lenovo
1123,MacBook Pro M1,Apple
1124,Dell Alienware m15,DELL
1125,HP Elite Dragonfly,HP
1126,MacBook Air M2,Apple
1127,Dell Precision 5000 SeriesHP Spectre x360,DELL
1128,MacBook Air M2,Apple
1129,HP Elite Dragonfly,HP
1130,MacBook Pro M3,Apple
1131,Lenovo ThinkPad X1 Yoga,Lenovo
1132,Lenovo IdeaPad Flex 5,Lenovo
1133,Lenovo ThinkPad X1 Yoga,Lenovo
1134,Dell Inspiron 15 5000 Series,DELL
1135,Dell Inspiron 15 5000 Series,DELL
1136,MacBook Air M1,Apple
1137,Lenovo ThinkPad X1 Yoga,Lenovo
1138,HP OmenLenovo ThinkPad X1 Carbon,HP
1139,Lenovo IdeaPad Flex 5,Lenovo
1140,Lenovo Yoga C940,Lenovo
1141,MacBook Air M2,Apple
1142,Lenovo Yoga C940,Lenovo
1143,HP Elite Dragonfly,HP
1144,Dell Latitude 7000 Series,DELL
1145,MacBook Pro M1,Apple
1146,HP Pavilion,HP
1147,HP Elite Dragonfly,HP
1148,HP Elite Dragonfly,HP
1149,HP Pavilion,HP
1150,Dell Inspiron 15 5000 Series,DELL
1151,HP OmenLenovo ThinkPad X1 Carbon,HP
1152,Dell Inspiron 15 5000 Series,DELL
1153,Dell Alienware m15,DELL
1154,MacBook Air M2,Apple
1155,Dell XPS 15,DELL
1156,HP Elite Dragonfly,HP
1157,MacBook Pro M2,Apple
1158,HP OmenLenovo ThinkPad X1 Carbon,HP
1159,MacBook Pro M2,Apple
1160,HP Envy,HP
1161,MacBook Pro M3,Apple
1162,MacBook Air M1,Apple
1163,Dell Precision 5000 SeriesHP Spectre x360,DELL
1164,Lenovo ThinkPad X1 Yoga,Lenovo
1165,MacBook Pro M2,Apple
1166,MacBook Air M2,Apple
1167,HP Pavilion,HP
1168,Dell Precision 5000 SeriesHP Spectre x360,DELL
1169,MacBook Air M2,Apple
1170,HP Pavilion,HP
1171,MacBook Air M2,Apple
1172,Dell Latitude 7000 Series,DELL
1173,MacBook Air M1,Apple
1174,HP Envy,HP
1175,Dell Inspiron 15 5000 Series,DELL
1176,HP OmenLenovo ThinkPad X1 Carbon,HP
1177,HP Pavilion,HP
1178,Dell Alienware m15,DELL
1179,Dell Alienware m15,DELL
1180,MacBook Pro M2,Apple
1181,MacBook Pro M1,Apple
1182,MacBook Air M1,Apple
1183,Lenovo ThinkPad X1 Yoga,Lenovo
1184,MacBook Pro M3,Apple
1185,HP OmenLenovo ThinkPad X1 Carbon,HP
1186,MacBook Pro M2,Apple
1187,HP Pavilion,HP
1188,MacBook Pro M1,Apple
1189,HP Pavilion,HP
1190,Dell Inspiron 15 5000 Series,DELL
1191,MacBook Air M2,Apple
1192,Dell Alienware m15,DELL
1193,HP Pavilion,HP
1194,HP Elite Dragonfly,HP
1195,Dell Inspiron 15 5000 Series,DELL
1196,Dell Inspiron 15 5000 Series,DELL
1197,Lenovo Legion Y740,Lenovo
1198,HP Pavilion,HP
1199,HP Pavilion,HP
1200,Dell XPS 15,DELL
1201,HP OmenLenovo ThinkPad X1 Carbon,HP
1202,Lenovo ThinkPad X1 Yoga,Lenovo
1203,HP Pavilion,HP
1204,MacBook Pro M1,Apple
1205,HP Pavilion,HP
1206,Lenovo ThinkPad X1 Yoga,Lenovo
1207,MacBook Pro M2,Apple
1208,MacBook Air M2,Apple
1209,Dell Alienware m15,DELL
1210,Lenovo ThinkPad X1 Yoga,Lenovo
1211,MacBook Pro M3,Apple
1212,MacBook Air M1,Apple
1213,HP OmenLenovo ThinkPad X1 Carbon,HP
1214,MacBook Air M1,Apple
1215,Dell Latitude 7000 Series,DELL
1216,MacBook Pro M3,Apple
1217,Lenovo ThinkPad X1 Yoga,Lenovo
1218,MacBook Air M2,Apple
1219,Lenovo Legion Y740,Lenovo
1220,Lenovo Legion Y740,Lenovo
