1001,John Doe,Building 3,France,BU5,Procurements,Senior Manager,A55,Business Analyst,Lenovo ThinkPad X1 Yoga,2020-07-04,2020,July
1002,Jane Doe,Building 8,France,BU3,Sales,Lead Developer,A35,UI Developer,HP OmenLenovo ThinkPad X1 Carbon,2015-10-21,2015,October
1003,John Smith,Building 5,Germany,BU2,Finance,Vice President,A55,UI Developer,MacBook Air M2,2015-08-15,2015,August
1004,Jane Smith,Building 6,Kenya,BU1,Customer Support,Manager,A50,Project Manager,Dell XPS 15,2023-06-01,2023,June
1005,John Johnson,Building 1,Nigeria,BU1,Operations,Director,A30,Python Developer,MacBook Pro M3,2018-06-19,2018,June
1006,Jane Johnson,Building 6,Australia,BU3,Procurements,Developer,A45,Project Manager,Lenovo ThinkPad X1 Yoga,2020-04-27,2020,April
1007,John Williams,Building 7,Kenya,BU2,HR,Senior Manager,A40,Java Developer,MacBook Pro M3,2015-03-09,2015,March
1008,Jane Williams,Building 2,Japan,BU5,HR,Lead Developer,A55,Full Stack Developer,HP OmenLenovo ThinkPad X1 Carbon,2021-01-01,2021,January
1009,John Brown,Building 2,UK,BU2,Operations,Developer,A55,Data Engineer,MacBook Air M2,2023-01-17,2023,January
1010,Jane Brown,Building 10,Germany,BU1,IT,Lead Developer,A45,Product Manager,MacBook Pro M3,2020-12-09,2020,December
1011,John Jones,Building 7,Australia,BU1,Customer Support,Vice President,A40,Data Analyst,Dell Latitude 7000 Series,2021-06-08,2021,June
1012,Jane Jones,Building 8,Mexico,BU2,Marketing,Director,A35,Project Manager,HP Pavilion,2016-12-24,2016,December
1013,John Miller,Building 7,Nigeria,BU6,Marketing,Senior Manager,A30,Data Scientist,Lenovo Legion Y740,2021-12-06,2021,December
1014,Jane Miller,Building 9,India,BU3,Operations,Senior Manager,A40,Data Engineer,Lenovo ThinkPad X1 Yoga,2018-08-03,2018,August
1015,John Davis,Building 8,Kenya,BU5,IT,Director,A40,Data Analyst,MacBook Pro M2,2024-02-27,2024,February
1016,Jane Davis,Building 4,South Africa,BU6,Technology,Developer,A55,UI Developer,Lenovo IdeaPad Flex 5,2019-09-14,2019,September
1017,John Garcia,Building 10,India,BU2,Customer Support,Vice President,A40,Project Manager,Dell XPS 15,2019-09-14,2019,September
1018,Jane Garcia,Building 4,Japan,BU4,Finance,Lead Developer,A40,Data Scientist,Dell Latitude 7000 Series,2021-02-15,2021,February
1019,John Rodriguez,Building 10,Mexico,BU3,Finance,Director,A45,Data Scientist,MacBook Air M2,2019-11-21,2019,November
1020,Jane Rodriguez,Building 2,Kenya,BU1,Procurements,Senior Developer,A35,Data Engineer,HP Elite Dragonfly,2018-11-24,2018,November
1021,John Wilson,Building 1,Brazil,BU5,Technology,Developer,A30,Data Scientist,MacBook Air M2,2023-03-03,2023,March
1022,Jane Wilson,Building 7,Japan,BU2,Sales,Senior Manager,A55,Java Developer,Lenovo Legion Y740,2019-05-24,2019,May
1023,John Martinez,Building 3,Germany,BU6,Operations,Developer,A40,Java Developer,Lenovo ThinkPad X1 Yoga,2022-12-25,2022,December
1024,Jane Martinez,Building 8,Argentina,BU2,Operations,Director,A30,Data Scientist,HP Pavilion,2015-02-15,2015,February
1025,John Anderson,Building 8,South Africa,BU4,IT,Manager,A40,Data Engineer,Dell Precision 5000 SeriesHP Spectre x360,2022-10-18,2022,October
1026,Jane Anderson,Building 6,Canada,BU1,Customer Support,Senior Manager,A50,Python Developer,Dell XPS 15,2015-01-01,2015,January
1027,John Taylor,Building 9,USA,BU6,Operations,Developer,A45,Python Developer,Lenovo ThinkPad X1 Yoga,2019-08-23,2019,August
1028,Jane Taylor,Building 5,Mexico,BU3,Finance,Senior Developer,A55,Product Manager,Lenovo Yoga C940,2015-01-01,2015,January
1029,John Thomas,Building 10,India,BU5,IT,Developer,A35,Business Analyst,MacBook Air M2,2017-07-15,2017,July
1030,Jane Thomas,Building 10,Nigeria,BU5,Technology,Lead Developer,A50,UI Developer,HP Envy,2018-04-12,2018,April
1031,John Hernandez,Building 8,India,BU4,HR,Director,A45,Project Manager,Dell Alienware m15,2023-04-17,2023,April
1032,Jane Hernandez,Building 7,UK,BU4,HR,Lead Developer,A30,Data Analyst,HP Pavilion,2017-11-28,2017,November
1033,John Moore,Building 9,Kenya,BU3,Finance,Senior Manager,A55,Full Stack Developer,MacBook Pro M2,2021-04-24,2021,April
1034,Jane Moore,Building 9,Australia,BU4,Procurements,Vice President,A55,Product Manager,MacBook Air M2,2015-12-06,2015,December
1035,John Martin,Building 5,Mexico,BU1,Customer Support,Senior Manager,A55,Data Scientist,Dell Precision 5000 SeriesHP Spectre x360,2015-03-09,2015,March
1036,Jane Martin,Building 8,France,BU2,IT,Manager,A35,Data Analyst,MacBook Air M2,2021-06-08,2021,June
1037,John Jackson,Building 4,France,BU6,Customer Support,Vice President,A50,Python Developer,Lenovo Yoga C940,2021-06-08,2021,June
1038,Jane Jackson,Building 2,Nigeria,BU3,IT,Lead Developer,A35,UI Developer,Dell Inspiron 15 5000 Series,2018-11-02,2018,November
1039,John Thompson,Building 8,Mexico,BU1,IT,Director,A50,Data Scientist,Dell XPS 15,2019-12-14,2019,December
1040,Jane Thompson,Building 10,Australia,BU1,Customer Support,Senior Developer,A55,Data Analyst,HP Elite Dragonfly,2023-02-08,2023,February
1041,John White,Building 8,Australia,BU4,Marketing,Lead Developer,A40,Business Analyst,HP Envy,2017-02-07,2017,February
1042,Jane White,Building 3,South Africa,BU1,IT,Senior Manager,A35,Business Analyst,Lenovo Yoga C940,2017-11-28,2017,November
1043,John Lopez,Building 4,UK,BU1,Technology,Director,A35,Data Scientist,Dell Alienware m15,2018-02-04,2018,February
1044,Jane Lopez,Building 7,Brazil,BU5,Operations,Developer,A45,Java Developer,MacBook Pro M3,2017-10-14,2017,October
1045,John Lee,Building 3,South Africa,BU1,Finance,Senior Developer,A55,Python Developer,HP Envy,2018-10-10,2018,October
1046,Jane Lee,Building 4,China,BU2,Customer Support,Senior Developer,A40,Data Analyst,Dell Alienware m15,2023-02-08,2023,February
1047,John Gonzalez,Building 1,Canada,BU2,Procurements,Manager,A50,Business Analyst,Dell Precision 5000 SeriesHP Spectre x360,2021-02-15,2021,February
1048,Jane Gonzalez,Building 6,Nigeria,BU3,HR,Director,A35,UI Developer,HP Pavilion,2019-05-24,2019,May
1049,John Harris,Building 6,Argentina,BU2,Technology,Manager,A45,Java Developer,MacBook Air M1,2019-06-16,2019,June
1050,Jane Harris,Building 8,China,BU1,Sales,Senior Developer,A35,Data Scientist,Lenovo IdeaPad Flex 5,2021-11-13,2021,November
1051,John Clark,Building 9,Nigeria,BU3,HR,Manager,A55,Product Manager,MacBook Pro M3,2023-12-22,2023,December
1052,Jane Clark,Building 1,UK,BU6,IT,Senior Developer,A50,Product Manager,Dell Latitude 7000 Series,2019-11-21,2019,November
1053,John Lewis,Building 8,China,BU2,Technology,Vice President,A35,Data Engineer,HP Pavilion,2015-09-06,2015,September
1054,Jane Lewis,Building 6,Kenya,BU3,Finance,Director,A30,Product Manager,Dell Latitude 7000 Series,2017-10-14,2017,October
1055,John Robinson,Building 5,Nigeria,BU4,Operations,Developer,A30,Product Manager,HP Envy,2020-03-13,2020,March
1056,Jane Robinson,Building 8,Canada,BU5,HR,Vice President,A40,Data Scientist,HP Pavilion,2021-01-23,2021,January
1057,John Walker,Building 4,UK,BU1,Marketing,Developer,A35,Python Developer,Dell XPS 15,2015-10-21,2015,October
1058,Jane Walker,Building 4,France,BU2,Finance,Senior Developer,A55,Product Manager,HP Envy,2019-02-23,2019,February
1059,John Perez,Building 4,Mexico,BU1,Sales,Lead Developer,A40,Data Engineer,MacBook Pro M3,2019-01-09,2019,January
1060,Jane Perez,Building 10,Canada,BU6,Marketing,Developer,A35,Full Stack Developer,Lenovo Legion Y740,2017-08-29,2017,August
1061,John Hall,Building 5,China,BU2,Customer Support,Senior Manager,A50,Project Manager,HP Pavilion,2020-02-19,2020,February
1062,Jane Hall,Building 1,Argentina,BU3,Technology,Vice President,A50,Data Scientist,HP Envy,2018-10-10,2018,October
1063,John Young,Building 10,USA,BU5,Sales,Director,A45,Python Developer,Dell Precision 5000 SeriesHP Spectre x360,2016-02-11,2016,February
1064,Jane Young,Building 7,UK,BU3,Operations,Developer,A30,Data Analyst,MacBook Air M2,2019-08-23,2019,August
1065,John Allen,Building 8,Mexico,BU6,Technology,Director,A30,Project Manager,MacBook Pro M1,2016-07-19,2016,July
1066,Jane Allen,Building 4,Canada,BU4,IT,Senior Manager,A55,Project Manager,MacBook Pro M1,2019-07-08,2019,July
1067,John Sanchez,Building 6,Germany,BU1,Sales,Manager,A30,Full Stack Developer,MacBook Air M1,2023-11-29,2023,November
1068,Jane Sanchez,Building 9,Mexico,BU2,IT,Lead Developer,A45,Project Manager,Dell XPS 15,2019-09-14,2019,September
1069,John Wright,Building 5,Kenya,BU1,HR,Manager,A40,Java Developer,Dell Precision 5000 SeriesHP Spectre x360,2022-12-25,2022,December
1070,Jane Wright,Building 1,Mexico,BU6,Technology,Senior Developer,A55,Project Manager,Lenovo ThinkPad X1 Yoga,2021-08-15,2021,August
1071,John King,Building 6,Nigeria,BU6,Marketing,Senior Manager,A45,Full Stack Developer,HP Envy,2017-08-29,2017,August
1072,Jane King,Building 7,Nigeria,BU4,Finance,Manager,A40,Product Manager,Dell Latitude 7000 Series,2023-11-06,2023,November
1073,John Scott,Building 4,Argentina,BU2,HR,Director,A50,Full Stack Developer,HP Envy,2018-02-26,2018,February
1074,Jane Scott,Building 7,UK,BU5,Operations,Director,A45,Full Stack Developer,Dell Inspiron 15 5000 Series,2023-05-10,2023,May
1075,John Green,Building 9,France,BU4,Technology,Vice President,A40,Data Engineer,Dell Precision 5000 SeriesHP Spectre x360,2020-07-27,2020,July
1076,Jane Green,Building 10,China,BU1,HR,Developer,A40,Python Developer,HP Envy,2023-06-24,2023,June
1077,John Baker,Building 5,France,BU6,Marketing,Director,A35,Full Stack Developer,Dell Alienware m15,2021-04-01,2021,April
1078,Jane Baker,Building 9,Mexico,BU3,Finance,Director,A30,Project Manager,Dell XPS 15,2021-04-24,2021,April
1079,John Adams,Building 3,Australia,BU2,Sales,Lead Developer,A55,UI Developer,HP Envy,2020-04-05,2020,April
1080,Jane Adams,Building 5,China,BU5,Technology,Senior Manager,A45,UI Developer,MacBook Air M2,2018-04-12,2018,April
1081,John Nelson,Building 4,Nigeria,BU6,HR,Senior Developer,A50,Project Manager,Dell Inspiron 15 5000 Series,2021-04-01,2021,April
1082,Jane Nelson,Building 1,Canada,BU4,HR,Senior Manager,A35,Product Manager,Dell XPS 15,2017-02-07,2017,February
1083,John Hill,Building 5,Australia,BU5,HR,Developer,A40,Data Scientist,HP Envy,2023-03-25,2023,March
1084,Jane Hill,Building 1,Mexico,BU4,HR,Lead Developer,A35,Full Stack Developer,Lenovo Legion Y740,2023-02-08,2023,February
1085,John Ramirez,Building 5,Argentina,BU5,Sales,Senior Manager,A45,Full Stack Developer,Dell Latitude 7000 Series,2017-03-24,2017,March
1086,Jane Ramirez,Building 3,USA,BU6,Marketing,Lead Developer,A30,Data Scientist,Lenovo ThinkPad X1 Yoga,2020-07-27,2020,July
1087,John Campbell,Building 4,China,BU3,Sales,Lead Developer,A30,Full Stack Developer,Lenovo ThinkPad X1 Yoga,2015-12-06,2015,December
1088,Jane Campbell,Building 1,Brazil,BU5,IT,Senior Developer,A55,Data Scientist,Lenovo ThinkPad X1 Yoga,2021-07-23,2021,July
1089,John Mitchell,Building 2,Japan,BU1,HR,Senior Manager,A50,Product Manager,MacBook Air M1,2016-12-24,2016,December
1090,Jane Mitchell,Building 5,South Africa,BU4,Technology,Senior Developer,A55,Full Stack Developer,Lenovo ThinkPad X1 Yoga,2023-11-06,2023,November
1091,John Roberts,Building 9,Australia,BU4,Sales,Vice President,A35,Business Analyst,MacBook Pro M2,2019-07-08,2019,July
1092,Jane Roberts,Building 7,Australia,BU1,Customer Support,Vice President,A35,Project Manager,Lenovo Yoga C940,2022-10-18,2022,October
1093,John Carter,Building 2,South Africa,BU4,Procurements,Developer,A30,Data Scientist,MacBook Pro M3,2017-11-28,2017,November
1094,Jane Carter,Building 4,China,BU4,Procurements,Lead Developer,A30,Project Manager,HP Elite Dragonfly,2022-01-20,2022,January
1095,John Phillips,Building 6,Australia,BU2,IT,Developer,A40,Product Manager,Lenovo ThinkPad X1 Yoga,2022-06-05,2022,June
1096,Jane Phillips,Building 6,UK,BU6,Customer Support,Senior Developer,A45,Data Scientist,Dell Alienware m15,2021-09-29,2021,September
1097,John Evans,Building 2,USA,BU5,Technology,Lead Developer,A55,Full Stack Developer,Dell Alienware m15,2017-02-07,2017,February
1098,Jane Evans,Building 9,China,BU4,Technology,Vice President,A35,Business Analyst,HP Envy,2015-03-09,2015,March
1099,John Turner,Building 4,Nigeria,BU4,Sales,Vice President,A40,Data Engineer,Lenovo IdeaPad Flex 5,2022-08-11,2022,August
1100,Jane Turner,Building 2,Japan,BU2,Procurements,Lead Developer,A50,Product Manager,MacBook Air M2,2023-08-31,2023,August
1101,John Torres,Building 6,South Africa,BU5,Sales,Senior Manager,A30,Java Developer,Dell Precision 5000 SeriesHP Spectre x360,2020-08-18,2020,August
1102,Jane Torres,Building 5,Nigeria,BU6,IT,Manager,A35,Product Manager,Dell Alienware m15,2022-06-05,2022,June
1103,John Parker,Building 7,Canada,BU6,Technology,Vice President,A50,Python Developer,Dell Inspiron 15 5000 Series,2016-11-09,2016,November
1104,Jane Parker,Building 5,Canada,BU5,Marketing,Senior Developer,A55,UI Developer,Lenovo ThinkPad X1 Yoga,2022-03-06,2022,March
1105,John Collins,Building 9,UK,BU2,HR,Senior Manager,A40,Business Analyst,Lenovo Yoga C940,2024-02-05,2024,February
1106,Jane Collins,Building 1,Kenya,BU3,Customer Support,Developer,A30,Product Manager,MacBook Air M1,2021-04-01,2021,April
1107,John Edwards,Building 9,France,BU4,Technology,Manager,A55,Java Developer,MacBook Air M2,2018-05-05,2018,May
1108,Jane Edwards,Building 3,China,BU4,HR,Manager,A55,Java Developer,MacBook Air M1,2023-06-01,2023,June
1109,John Stewart,Building 7,China,BU5,HR,Senior Manager,A45,Full Stack Developer,MacBook Pro M3,2023-08-31,2023,August
1110,Jane Stewart,Building 10,Germany,BU2,Marketing,Lead Developer,A30,Python Developer,MacBook Pro M1,2017-07-15,2017,July
1111,John Flores,Building 2,UK,BU6,Procurements,Senior Manager,A55,Java Developer,MacBook Pro M3,2016-09-02,2016,September
1112,Jane Flores,Building 6,China,BU2,Finance,Vice President,A50,Data Analyst,MacBook Pro M3,2019-01-31,2019,January
1113,John Morris,Building 2,China,BU3,Sales,Lead Developer,A35,Project Manager,HP Pavilion,2022-08-11,2022,August
1114,Jane Morris,Building 7,UK,BU4,Marketing,Lead Developer,A55,Java Developer,Lenovo ThinkPad X1 Yoga,2015-07-23,2015,July
1115,John Nguyen,Building 10,Argentina,BU5,Operations,Vice President,A45,Product Manager,HP Envy,2017-05-31,2017,May
1116,Jane Nguyen,Building 8,USA,BU6,HR,Manager,A50,UI Developer,MacBook Air M1,2022-06-05,2022,June
1117,John Murphy,Building 8,UK,BU3,Procurements,Senior Manager,A35,UI Developer,Dell XPS 15,2015-04-24,2015,April
1118,Jane Murphy,Building 8,Mexico,BU2,Customer Support,Vice President,A45,Python Developer,MacBook Pro M2,2016-07-19,2016,July
1119,John Rivera,Building 3,Argentina,BU2,Finance,Director,A50,Java Developer,Dell Latitude 7000 Series,2016-09-02,2016,September
1120,Jane Rivera,Building 5,Canada,BU2,Customer Support,Developer,A45,Java Developer,Dell XPS 15,2023-02-08,2023,February
1121,John Cook,Building 4,France,BU6,Sales,Senior Developer,A40,Java Developer,Dell Latitude 7000 Series,2019-01-09,2019,January
1122,Jane Cook,Building 10,UK,BU1,HR,Senior Developer,A45,UI Developer,Lenovo ThinkPad X1 Yoga,2024-02-05,2024,February
1123,John Rogers,Building 6,China,BU5,Marketing,Senior Developer,A45,Data Engineer,MacBook Pro M1,2018-02-26,2018,February
1124,Jane Rogers,Building 3,Argentina,BU2,HR,Lead Developer,A30,Data Scientist,Dell Alienware m15,2019-03-17,2019,March
1125,John Morgan,Building 10,China,BU6,Customer Support,Lead Developer,A35,Business Analyst,HP Elite Dragonfly,2019-05-02,2019,May
1126,Jane Morgan,Building 5,South Africa,BU4,Marketing,Senior Manager,A35,Business Analyst,MacBook Air M2,2020-08-18,2020,August
1127,John Peterson,Building 3,Nigeria,BU1,Technology,Senior Developer,A55,Project Manager,Dell Precision 5000 SeriesHP Spectre x360,2019-03-17,2019,March
1128,Jane Peterson,Building 9,Argentina,BU5,Customer Support,Senior Manager,A35,Python Developer,MacBook Air M2,2022-01-20,2022,January
1129,John Cooper,Building 3,UK,BU4,IT,Manager,A40,Product Manager,HP Elite Dragonfly,2023-06-24,2023,June
1130,Jane Cooper,Building 7,China,BU4,Procurements,Senior Manager,A35,UI Developer,MacBook Pro M3,2017-04-16,2017,April
1131,John Reed,Building 4,Germany,BU4,Sales,Vice President,A40,Data Engineer,Lenovo ThinkPad X1 Yoga,2020-10-02,2020,October
1132,Jane Reed,Building 1,Brazil,BU6,Finance,Senior Developer,A45,Data Engineer,Lenovo IdeaPad Flex 5,2016-03-05,2016,March
1133,John Bailey,Building 8,Canada,BU1,Operations,Vice President,A55,Python Developer,Lenovo ThinkPad X1 Yoga,2019-10-07,2019,October
1134,Jane Bailey,Building 6,South Africa,BU6,Procurements,Vice President,A55,Project Manager,Dell Inspiron 15 5000 Series,2019-10-29,2019,October
1135,John Bell,Building 6,USA,BU6,Technology,Senior Manager,A50,Java Developer,Dell Inspiron 15 5000 Series,2022-08-11,2022,August
1136,Jane Bell,Building 5,Brazil,BU4,Marketing,Developer,A50,UI Developer,MacBook Air M1,2018-11-02,2018,November
1137,John Gomez,Building 1,Japan,BU5,Sales,Senior Manager,A55,Data Analyst,Lenovo ThinkPad X1 Yoga,2018-06-19,2018,June
1138,Jane Gomez,Building 8,Germany,BU4,IT,Manager,A55,Full Stack Developer,HP OmenLenovo ThinkPad X1 Carbon,2017-11-28,2017,November
1139,John Kelly,Building 7,UK,BU5,Finance,Lead Developer,A45,Full Stack Developer,Lenovo IdeaPad Flex 5,2015-04-01,2015,April
1140,Jane Kelly,Building 6,Mexico,BU2,Customer Support,Lead Developer,A50,UI Developer,Lenovo Yoga C940,2020-01-05,2020,January
1141,John Howard,Building 8,France,BU6,Procurements,Manager,A40,Python Developer,MacBook Air M2,2020-03-13,2020,March
1142,Jane Howard,Building 3,Argentina,BU4,Operations,Lead Developer,A30,Full Stack Developer,Lenovo Yoga C940,2017-08-07,2017,August
1143,John Ward,Building 2,Mexico,BU4,Marketing,Senior Manager,A45,Full Stack Developer,HP Elite Dragonfly,2024-02-05,2024,February
1144,Jane Ward,Building 5,Kenya,BU2,Customer Support,Manager,A30,Full Stack Developer,Dell Latitude 7000 Series,2024-03-21,2024,March
1145,John Cox,Building 4,Mexico,BU6,HR,Senior Developer,A40,Full Stack Developer,MacBook Pro M1,2023-07-16,2023,July
1146,Jane Cox,Building 4,Mexico,BU6,Customer Support,Manager,A30,Data Engineer,HP Pavilion,2023-01-17,2023,January
1147,John Diaz,Building 3,India,BU1,Procurements,Developer,A45,Business Analyst,HP Elite Dragonfly,2023-05-10,2023,May
1148,Jane Diaz,Building 4,Japan,BU3,Finance,Lead Developer,A45,Product Manager,HP Elite Dragonfly,2022-09-03,2022,September
1149,John Richardson,Building 9,Mexico,BU1,Sales,Vice President,A45,Data Engineer,HP Pavilion,2023-05-10,2023,May
1150,Jane Richardson,Building 1,France,BU5,Procurements,Vice President,A55,Data Scientist,Dell Inspiron 15 5000 Series,2024-02-27,2024,February
1151,John Wood,Building 6,Kenya,BU4,Marketing,Lead Developer,A45,Data Engineer,HP OmenLenovo ThinkPad X1 Carbon,2015-01-23,2015,January
1152,Jane Wood,Building 3,Brazil,BU6,Technology,Senior Manager,A55,Data Analyst,Dell Inspiron 15 5000 Series,2018-08-26,2018,August
1153,John Watson,Building 1,Nigeria,BU2,Marketing,Senior Developer,A45,Java Developer,Dell Alienware m15,2015-04-01,2015,April
1154,Jane Watson,Building 4,Argentina,BU4,Finance,Developer,A50,UI Developer,MacBook Air M2,2023-06-01,2023,June
1155,John Brooks,Building 9,Canada,BU1,IT,Senior Manager,A40,Data Engineer,Dell XPS 15,2023-06-01,2023,June
1156,Jane Brooks,Building 4,Nigeria,BU6,Customer Support,Lead Developer,A30,Data Analyst,HP Elite Dragonfly,2015-05-16,2015,May
1157,John Bennett,Building 5,France,BU1,Sales,Director,A40,Project Manager,MacBook Pro M2,2021-08-15,2021,August
1158,Jane Bennett,Building 2,Germany,BU1,Marketing,Senior Manager,A35,Data Scientist,HP OmenLenovo ThinkPad X1 Carbon,2016-07-19,2016,July
1159,John Gray,Building 2,USA,BU4,HR,Director,A55,Full Stack Developer,MacBook Pro M2,2015-06-30,2015,June
1160,Jane Gray,Building 6,Mexico,BU1,IT,Manager,A40,Java Developer,HP Envy,2018-08-26,2018,August
1161,John James,Building 2,Japan,BU5,Operations,Developer,A55,Product Manager,MacBook Pro M3,2020-07-04,2020,July
1162,Jane James,Building 8,UK,BU5,Procurements,Senior Manager,A50,Data Analyst,MacBook Air M1,2022-11-10,2022,November
1163,John Reyes,Building 4,Brazil,BU4,HR,Senior Developer,A35,Data Scientist,Dell Precision 5000 SeriesHP Spectre x360,2016-05-12,2016,May
1164,Jane Reyes,Building 4,South Africa,BU3,HR,Developer,A35,Data Scientist,Lenovo ThinkPad X1 Yoga,2016-07-19,2016,July
1165,John Cruz,Building 9,Kenya,BU3,Customer Support,Senior Manager,A35,Business Analyst,MacBook Pro M2,2023-03-03,2023,March
1166,Jane Cruz,Building 1,South Africa,BU5,Operations,Director,A50,Data Scientist,MacBook Air M2,2023-03-25,2023,March
1167,John Hughes,Building 5,Kenya,BU3,Operations,Lead Developer,A30,Business Analyst,HP Pavilion,2019-09-14,2019,September
1168,Jane Hughes,Building 4,Germany,BU4,Finance,Vice President,A55,Business Analyst,Dell Precision 5000 SeriesHP Spectre x360,2015-05-16,2015,May
1169,John Price,Building 5,Canada,BU2,Sales,Senior Developer,A55,Project Manager,MacBook Air M2,2020-01-05,2020,January
1170,Jane Price,Building 4,Germany,BU4,Technology,Lead Developer,A50,Data Analyst,HP Pavilion,2015-09-29,2015,September
1171,John Myers,Building 8,Nigeria,BU4,Technology,Director,A50,UI Developer,MacBook Air M2,2019-03-17,2019,March
1172,Jane Myers,Building 2,South Africa,BU2,HR,Senior Developer,A45,Business Analyst,Dell Latitude 7000 Series,2021-02-15,2021,February
1173,John Long,Building 5,Australia,BU6,Procurements,Manager,A45,Business Analyst,MacBook Air M1,2022-12-02,2022,December
1174,Jane Long,Building 4,France,BU3,Sales,Developer,A30,Data Engineer,HP Envy,2015-01-23,2015,January
1175,John Foster,Building 3,India,BU1,Technology,Director,A50,Product Manager,Dell Inspiron 15 5000 Series,2020-11-17,2020,November
1176,Jane Foster,Building 6,France,BU6,IT,Manager,A55,Full Stack Developer,HP OmenLenovo ThinkPad X1 Carbon,2019-07-31,2019,July
1177,John Sanders,Building 7,USA,BU1,Sales,Director,A30,Full Stack Developer,HP Pavilion,2019-01-31,2019,January
1178,Jane Sanders,Building 3,USA,BU3,IT,Lead Developer,A35,Python Developer,Dell Alienware m15,2016-06-26,2016,June
1179,John Ross,Building 2,Brazil,BU4,Operations,Manager,A55,Python Developer,Dell Alienware m15,2021-08-15,2021,August
1180,Jane Ross,Building 3,Kenya,BU4,Finance,Director,A50,Full Stack Developer,MacBook Pro M2,2021-01-23,2021,January
1181,John Morales,Building 4,Kenya,BU6,Operations,Vice President,A50,Java Developer,MacBook Pro M1,2015-07-23,2015,July
1182,Jane Morales,Building 4,Australia,BU3,IT,Vice President,A50,Python Developer,MacBook Air M1,2021-07-23,2021,July
1183,John Powell,Building 4,Canada,BU5,Technology,Lead Developer,A55,UI Developer,Lenovo ThinkPad X1 Yoga,2022-09-03,2022,September
1184,Jane Powell,Building 6,Kenya,BU6,HR,Developer,A50,Product Manager,MacBook Pro M3,2020-06-11,2020,June
1185,John Sullivan,Building 1,Kenya,BU1,Customer Support,Vice President,A35,Data Analyst,HP OmenLenovo ThinkPad X1 Carbon,2018-04-12,2018,April
1186,Jane Sullivan,Building 5,Mexico,BU4,Customer Support,Senior Manager,A55,Business Analyst,MacBook Pro M2,2016-10-17,2016,October
1187,John Russell,Building 3,Germany,BU1,Finance,Senior Manager,A35,Product Manager,HP Pavilion,2023-08-08,2023,August
1188,Jane Russell,Building 7,India,BU3,Customer Support,Senior Developer,A40,Data Scientist,MacBook Pro M1,2019-10-07,2019,October
1189,John Ortiz,Building 3,Argentina,BU5,Customer Support,Manager,A30,Business Analyst,HP Pavilion,2020-10-25,2020,October
1190,Jane Ortiz,Building 3,Australia,BU4,IT,Vice President,A55,Python Developer,Dell Inspiron 15 5000 Series,2017-11-28,2017,November
1191,John Jenkins,Building 3,Canada,BU3,Marketing,Director,A30,UI Developer,MacBook Air M2,2017-06-23,2017,June
1192,Jane Jenkins,Building 4,Germany,BU4,Marketing,Vice President,A35,Full Stack Developer,Dell Alienware m15,2022-08-11,2022,August
1193,John Gutierrez,Building 6,Argentina,BU4,Technology,Vice President,A45,UI Developer,HP Pavilion,2022-06-05,2022,June
1194,Jane Gutierrez,Building 10,Australia,BU3,Finance,Senior Developer,A50,Data Analyst,HP Elite Dragonfly,2020-05-20,2020,May
1195,John Perry,Building 10,Mexico,BU2,Customer Support,Developer,A45,Product Manager,Dell Inspiron 15 5000 Series,2020-01-05,2020,January
1196,Jane Perry,Building 8,Mexico,BU4,Procurements,Senior Developer,A40,Data Scientist,Dell Inspiron 15 5000 Series,2020-01-05,2020,January
1197,John Butler,Building 4,Brazil,BU4,HR,Director,A55,Data Analyst,Lenovo Legion Y740,2020-01-05,2020,January
1198,Jane Butler,Building 3,South Africa,BU2,Finance,Senior Developer,A35,Business Analyst,HP Pavilion,2018-09-18,2018,September
1199,John Barnes,Building 5,UK,BU5,Technology,Senior Developer,A40,Project Manager,HP Pavilion,2023-08-08,2023,August
1200,Jane Barnes,Building 7,Canada,BU4,Operations,Developer,A55,Data Analyst,Dell XPS 15,2021-12-06,2021,December
1201,John Fisher,Building 7,China,BU3,IT,Senior Manager,A35,Project Manager,HP OmenLenovo ThinkPad X1 Carbon,2024-02-05,2024,February
1202,Jane Fisher,Building 8,Argentina,BU5,Sales,Lead Developer,A30,Business Analyst,Lenovo ThinkPad X1 Yoga,2019-07-08,2019,July
1203,John Henderson,Building 2,Mexico,BU3,Customer Support,Lead Developer,A30,Product Manager,HP Pavilion,2015-07-23,2015,July
1204,Jane Henderson,Building 2,UK,BU3,Operations,Director,A35,Project Manager,MacBook Pro M1,2017-02-07,2017,February
1205,John Coleman,Building 7,Argentina,BU6,Customer Support,Senior Developer,A35,UI Developer,HP Pavilion,2022-09-03,2022,September
1206,Jane Coleman,Building 6,India,BU6,Operations,Manager,A40,Project Manager,Lenovo ThinkPad X1 Yoga,2017-03-02,2017,March
1207,John Simmons,Building 10,China,BU6,IT,Director,A45,Project Manager,MacBook Pro M2,2017-03-24,2017,March
1208,Jane Simmons,Building 2,Kenya,BU3,Sales,Developer,A45,Python Developer,MacBook Air M2,2023-04-17,2023,April
1209,John Patterson,Building 2,Japan,BU2,Sales,Senior Developer,A40,Data Analyst,Dell Alienware m15,2019-12-14,2019,December
1210,Jane Patterson,Building 1,Brazil,BU2,Marketing,Vice President,A55,Data Analyst,Lenovo ThinkPad X1 Yoga,2024-01-13,2024,January
1211,John Jordan,Building 7,Canada,BU1,Procurements,Manager,A55,Business Analyst,MacBook Pro M3,2017-08-07,2017,August
1212,Jane Jordan,Building 7,Canada,BU2,Sales,Director,A30,Project Manager,MacBook Air M1,2015-09-29,2015,September
1213,John Reynolds,Building 1,India,BU2,Operations,Senior Manager,A55,Project Manager,HP OmenLenovo ThinkPad X1 Carbon,2019-10-29,2019,October
1214,Jane Reynolds,Building 9,USA,BU1,Sales,Senior Developer,A30,Java Developer,MacBook Air M1,2019-06-16,2019,June
1215,John Hamilton,Building 7,USA,BU2,Marketing,Manager,A50,Product Manager,Dell Latitude 7000 Series,2016-11-09,2016,November
1216,Jane Hamilton,Building 9,Canada,BU3,Marketing,Senior Developer,A30,Data Scientist,MacBook Pro M3,2018-05-28,2018,May
1217,John Graham,Building 8,Brazil,BU6,IT,Vice President,A35,Data Scientist,Lenovo ThinkPad X1 Yoga,2021-05-16,2021,May
1218,Jane Graham,Building 3,Kenya,BU1,HR,Manager,A50,Data Engineer,MacBook Air M2,2023-12-22,2023,December
1219,John Kim,Building 1,USA,BU3,Sales,Senior Developer,A50,Project Manager,Lenovo Legion Y740,2015-06-30,2015,June
1220,Jane Kim,Building 5,Kenya,BU1,Finance,Manager,A40,Java Developer,Lenovo Legion Y740,2015-06-08,2015,June
